sequence,deadline_ns,send_before_ns,send_after_ns
1,5896386020207,5896386124929,5896386243559
2,5896401020207,5896401100670,5896401144892
3,5896416020207,5896416093059,5896416125374
4,5896431020207,5896431090744,5896431120670
5,5896446020207,5896446092763,5896446124077
6,5896461020207,5896461089818,5896461115762
7,5896476020207,5896476087837,5896476113022
8,5896491020207,5896491093929,5896491144596
9,5896506020207,5896506089429,5896506119559
10,5896521020207,5896521087411,5896521112596
11,5896536020207,5896536093929,5896536140725
12,5896551020207,5896551089874,5896551116040
13,5896566020207,5896566088151,5896566112411
14,5896581020207,5896581092799,5896581135374
15,5896596020207,5896596090818,5896596123799
16,5896611020207,5896611088244,5896611110966
17,5896626020207,5896626089485,5896626125133
18,5896641020207,5896641091540,5896641122948
19,5896656020207,5896656088281,5896656112151
20,5896671020207,5896671086670,5896671109188
21,5896686020207,5896686093318,5896686134855
22,5896701020207,5896701088614,5896701114503
23,5896716020207,5896716086836,5896716110559
24,5896731020207,5896731087910,5896731122096
25,5896746020207,5896746091614,5896746124392
26,5896761020207,5896761088392,5896761116762
27,5896776020207,5896776087522,5896776111022
28,5896791020207,5896791090762,5896791120262
29,5896806020207,5896806088170,5896806111281
30,5896821020207,5896821086336,5896821110114
31,5896836020207,5896836093503,5896836149614
32,5896851020207,5896851088170,5896851113670
33,5896866020207,5896866086633,5896866111484
34,5896881020207,5896881091540,5896881134725
35,5896896020207,5896896089781,5896896114521
36,5896911020207,5896911087188,5896911109688
37,5896926020207,5896926086596,5896926110503
38,5896941020207,5896941094744,5896941157059
39,5896956020207,5896956092947,5896956126484
40,5896971020207,5896971089577,5896971115151
41,5896986020207,5896986093003,5896986141799
42,5897001020207,5897001096744,5897001136910
43,5897016020207,5897016093614,5897016126077
44,5897031020207,5897031092114,5897031135114
45,5897046020207,5897046090670,5897046123577
46,5897061020207,5897061088707,5897061114429
47,5897076020207,5897076086947,5897076109170
48,5897091020207,5897091091151,5897091121077
49,5897106020207,5897106088410,5897106112744
50,5897121020207,5897121086281,5897121108910
51,5897136020207,5897136091188,5897136121818
52,5897151020207,5897151088262,5897151114669
53,5897166020207,5897166087021,5897166115410
54,5897181020207,5897181092855,5897181139169
55,5897196020207,5897196089521,5897196115095
56,5897211020207,5897211087336,5897211109336
57,5897226020207,5897226086318,5897226108003
58,5897241020207,5897241091188,5897241123095
59,5897256020207,5897256107151,5897256133762
60,5897271020207,5897271086410,5897271109132
61,5897286020207,5897286089818,5897286137206
62,5897301020207,5897301087595,5897301112632
63,5897316020207,5897316088114,5897316113299
64,5897331020207,5897331095021,5897331138132
65,5897346020207,5897346091114,5897346115410
66,5897361020207,5897361086058,5897361111169
67,5897376020207,5897376087558,5897376111780
68,5897391020207,5897391092003,5897391124762
69,5897406020207,5897406089040,5897406114132
70,5897421020207,5897421087762,5897421111910
71,5897436020207,5897436090484,5897436124892
72,5897451020207,5897451087299,5897451111743
73,5897466020207,5897466085484,5897466108392
74,5897481020207,5897481086540,5897481110614
75,5897496020207,5897496091243,5897496127429
76,5897511020207,5897511088280,5897511113373
77,5897526020207,5897526088614,5897526117021
78,5897541020207,5897541090132,5897541120114
79,5897556020207,5897556088688,5897556112169
80,5897571020207,5897571086280,5897571108262
81,5897586020207,5897586089521,5897586137873
82,5897601020207,5897601087632,5897601113132
83,5897616020207,5897616086373,5897616110706
84,5897631020207,5897631091262,5897631145484
85,5897646020207,5897646089447,5897646118336
86,5897661020207,5897661086003,5897661109428
87,5897676020207,5897676093780,5897676137095
88,5897691020207,5897691088614,5897691115299
89,5897706020207,5897706085873,5897706110391
90,5897721020207,5897721086521,5897721109614
91,5897736020207,5897736090132,5897736124688
92,5897751020207,5897751087502,5897751112669
93,5897766020207,5897766085910,5897766109706
94,5897781020207,5897781091577,5897781132891
95,5897796020207,5897796090077,5897796115577
96,5897811020207,5897811087169,5897811110669
97,5897826020207,5897826085539,5897826110688
98,5897841020207,5897841093039,5897841128002
99,5897856020207,5897856089780,5897856115225
100,5897871020207,5897871087762,5897871110928
101,5897886020207,5897886089632,5897886120576
102,5897901020207,5897901088669,5897901112799
103,5897916020207,5897916086410,5897916111076
104,5897931020207,5897931091373,5897931149262
105,5897946020207,5897946100484,5897946177391
106,5897961020207,5897961092428,5897961123669
107,5897976020207,5897976093891,5897976143206
108,5897991020207,5897991089873,5897991116336
109,5898006020207,5898006087169,5898006112428
110,5898021020207,5898021086187,5898021110836
111,5898036020207,5898036090410,5898036133021
112,5898051020207,5898051087947,5898051111650
113,5898066020207,5898066086799,5898066110150
114,5898081020207,5898081089687,5898081137336
115,5898096020207,5898096088095,5898096112799
116,5898111020207,5898111086428,5898111108428
117,5898126020207,5898126086243,5898126112910
118,5898141020207,5898141091354,5898141127299
119,5898156020207,5898156087132,5898156111595
120,5898171020207,5898171086391,5898171110095
121,5898186020207,5898186089724,5898186122910
122,5898201020207,5898201088317,5898201112632
123,5898216020207,5898216106854,5898216133095
124,5898231020207,5898231091502,5898231121706
125,5898246020207,5898246088261,5898246112798
126,5898261020207,5898261086224,5898261110465
127,5898276020207,5898276092539,5898276139002
128,5898291020207,5898291089854,5898291113558
129,5898306020207,5898306087798,5898306112243
130,5898321020207,5898321086743,5898321109965
131,5898336020207,5898336091206,5898336121391
132,5898351020207,5898351088761,5898351113947
133,5898366020207,5898366087169,5898366111595
134,5898381020207,5898381091058,5898381135798
135,5898396020207,5898396088076,5898396114132
136,5898411020207,5898411087317,5898411110021
137,5898426020207,5898426100261,5898426163372
138,5898441020207,5898441091335,5898441120243
139,5898456020207,5898456087558,5898456113428
140,5898471020207,5898471086076,5898471108502
141,5898486020207,5898486090891,5898486126224
142,5898501020207,5898501089650,5898501117409
143,5898516020207,5898516087465,5898516111335
144,5898531020207,5898531093632,5898531134298
145,5898546020207,5898546088354,5898546114298
146,5898561020207,5898561086039,5898561109243
147,5898576020207,5898576092724,5898576140020
148,5898591020207,5898591090224,5898591116780
149,5898606020207,5898606087280,5898606111465
150,5898621020207,5898621086372,5898621110261
151,5898636020207,5898636091520,5898636123946
152,5898651020207,5898651087391,5898651108780
153,5898666020207,5898666086169,5898666108502
154,5898681020207,5898681091169,5898681138854
155,5898696020207,5898696089446,5898696114724
156,5898711020207,5898711086946,5898711110446
157,5898726020207,5898726092483,5898726135446
158,5898741020207,5898741090150,5898741117594
159,5898756020207,5898756086909,5898756110076
160,5898771020207,5898771091669,5898771129539
161,5898786020207,5898786088872,5898786118706
162,5898801020207,5898801087039,5898801111187
163,5898816020207,5898816087483,5898816110243
164,5898831020207,5898831090391,5898831118928
165,5898846020207,5898846092261,5898846119539
166,5898861020207,5898861086187,5898861109631
167,5898876020207,5898876094150,5898876139002
168,5898891020207,5898891088928,5898891112705
169,5898906020207,5898906086687,5898906111113
170,5898921020207,5898921086391,5898921109798
171,5898936020207,5898936089743,5898936131909
172,5898951020207,5898951094298,5898951134872
173,5898966020207,5898966089428,5898966116298
174,5898981020207,5898981092446,5898981122668
175,5898996020207,5898996089817,5898996115020
176,5899011020207,5899011086946,5899011113298
177,5899026020207,5899026093965,5899026149372
178,5899041020207,5899041090650,5899041122668
179,5899056020207,5899056088002,5899056112965
180,5899071020207,5899071091391,5899071132335
181,5899086020207,5899086087835,5899086112150
182,5899101020207,5899101087316,5899101110113
183,5899116020207,5899116085613,5899116109372
184,5899131020207,5899131091150,5899131120150
185,5899146020207,5899146090409,5899146118057
186,5899161020207,5899161087705,5899161113131
187,5899176020207,5899176112983,5899176157094
188,5899191020207,5899191088928,5899191114909
189,5899206020207,5899206087242,5899206110668
190,5899221020207,5899221088465,5899221115390
191,5899236020207,5899236092909,5899236140279
192,5899251020207,5899251135205,5899251164502
193,5899266020207,5899266103520,5899266153427
194,5899281020207,5899281108298,5899281164909
195,5899296020207,5899296108890,5899296155168
196,5899311020207,5899311103002,5899311146761
197,5899326020207,5899326106576,5899326158187
198,5899341020207,5899341107853,5899341165631
199,5899356020207,5899356106316,5899356155057
200,5899371020207,5899371108835,5899371177520
201,5899386020207,5899386107205,5899386155872
202,5899401020207,5899401103224,5899401149039
203,5899416020207,5899416179446,5899416253001
204,5899431020207,5899431104372,5899431150409
205,5899446020207,5899446107316,5899446163446
206,5899461020207,5899461105242,5899461153150
207,5899476020207,5899476115353,5899476210668
208,5899491020207,5899491106483,5899491157076
209,5899506020207,5899506104853,5899506155687
210,5899521020207,5899521108927,5899521179927
211,5899536020207,5899536106650,5899536158038
212,5899551020207,5899551138983,5899551216464
213,5899566020207,5899566103224,5899566151446
214,5899581020207,5899581106205,5899581161298
215,5899596020207,5899596106687,5899596152557
216,5899611020207,5899611103594,5899611149816
217,5899626020207,5899626107372,5899626159779
218,5899641020207,5899641107427,5899641157946
219,5899656020207,5899656103927,5899656148761
220,5899671020207,5899671109779,5899671186427
221,5899686020207,5899686106557,5899686154612
222,5899701020207,5899701105909,5899701153872
223,5899716020207,5899716104594,5899716152501
224,5899731020207,5899731107483,5899731155909
225,5899746020207,5899746106668,5899746155501
226,5899761020207,5899761104872,5899761150020
227,5899776020207,5899776111575,5899776190075
228,5899791020207,5899791104631,5899791155242
229,5899806020207,5899806103983,5899806151112
230,5899821020207,5899821108557,5899821176057
231,5899836020207,5899836108168,5899836168260
232,5899851020207,5899851108149,5899851157483
233,5899866020207,5899866112094,5899866180112
234,5899881020207,5899881107890,5899881165168
235,5899896020207,5899896107816,5899896163372
236,5899911020207,5899911103909,5899911147686
237,5899926020207,5899926106075,5899926160816
238,5899941020207,5899941111168,5899941171446
239,5899956020207,5899956109557,5899956166001
240,5899971020207,5899971112946,5899971165890
241,5899986020207,5899986105890,5899986152242
242,5900001020207,5900001104520,5900001161723
243,5900016020207,5900016106297,5900016155816
244,5900031020207,5900031110279,5900031173853
245,5900046020207,5900046107964,5900046160427
246,5900061020207,5900061103131,5900061149760
247,5900076020207,5900076107964,5900076162927
248,5900091020207,5900091105964,5900091153594
249,5900106020207,5900106102038,5900106148612
250,5900121020207,5900121109520,5900121184242
251,5900136020207,5900136137853,5900136200760
252,5900151020207,5900151106890,5900151156390
253,5900166020207,5900166109797,5900166185205
254,5900181020207,5900181107464,5900181157427
255,5900196020207,5900196104242,5900196150575
256,5900211020207,5900211102501,5900211149297
257,5900226020207,5900226107631,5900226162427
258,5900241020207,5900241108594,5900241174057
259,5900256020207,5900256104019,5900256152871
260,5900271020207,5900271106927,5900271160019
261,5900286020207,5900286106927,5900286153723
262,5900301020207,5900301103557,5900301156945
263,5900316020207,5900316106316,5900316163001
264,5900331020207,5900331108705,5900331167186
265,5900346020207,5900346110186,5900346166131
266,5900361020207,5900361104964,5900361155501
267,5900376020207,5900376109445,5900376165871
268,5900391020207,5900391106408,5900391155334
269,5900406020207,5900406104149,5900406149927
270,5900421020207,5900421106390,5900421159575
271,5900436020207,5900436105353,5900436155908
272,5900451020207,5900451105871,5900451156742
273,5900466020207,5900466111501,5900466187482
274,5900481020207,5900481105668,5900481153260
275,5900496020207,5900496105205,5900496154927
276,5900511020207,5900511115501,5900511205186
277,5900526020207,5900526107334,5900526157667
278,5900541020207,5900541109186,5900541176964
279,5900556020207,5900556104816,5900556152371
280,5900571020207,5900571109779,5900571185667
281,5900586020207,5900586105538,5900586154982
282,5900601020207,5900601102908,5900601148908
283,5900616020207,5900616108612,5900616176704
284,5900631020207,5900631106945,5900631153427
285,5900646020207,5900646106130,5900646156186
286,5900661020207,5900661103075,5900661152112
287,5900676020207,5900676108112,5900676166371
288,5900691020207,5900691105593,5900691156241
289,5900706020207,5900706103241,5900706152112
290,5900721020207,5900721107871,5900721161890
291,5900736020207,5900736105593,5900736152371
292,5900751020207,5900751102667,5900751150982
293,5900766020207,5900766111019,5900766189075
294,5900781020207,5900781105704,5900781158964
295,5900796020207,5900796104019,5900796153815
296,5900811020207,5900811109130,5900811178093
297,5900826020207,5900826105927,5900826154556
298,5900841020207,5900841107112,5900841162297
299,5900856020207,5900856103445,5900856151167
300,5900871020207,5900871110556,5900871195278
301,5900886020207,5900886105797,5900886153260
302,5900901020207,5900901102482,5900901149149
303,5900916020207,5900916108223,5900916177149
304,5900931020207,5900931105834,5900931154519
305,5900946020207,5900946110297,5900946177575
306,5900961020207,5900961120667,5900961213686
307,5900976020207,5900976106075,5900976165704
308,5900991020207,5900991108389,5900991164186
309,5901006020207,5901006111593,5901006176686
310,5901021020207,5901021114538,5901021177186
311,5901036020207,5901036109149,5901036165945
312,5901051020207,5901051110389,5901051168501
313,5901066020207,5901066111352,5901066172445
314,5901081020207,5901081109278,5901081162889
315,5901096020207,5901096106186,5901096162908
316,5901111020207,5901111105908,5901111159945
317,5901126020207,5901126112149,5901126176463
318,5901141020207,5901141110075,5901141177945
319,5901156020207,5901156107704,5901156165075
320,5901171020207,5901171113075,5901171175112
321,5901186020207,5901186110186,5901186165315
322,5901201020207,5901201107315,5901201160223
323,5901216020207,5901216111519,5901216190649
324,5901231020207,5901231107278,5901231165612
325,5901246020207,5901246110686,5901246171074
326,5901261020207,5901261114019,5901261196223
327,5901276020207,5901276110074,5901276167111
328,5901291020207,5901291107241,5901291157556
329,5901306020207,5901306140667,5901306231148
330,5901321020207,5901321111519,5901321176074
331,5901336020207,5901336106852,5901336158908
332,5901351020207,5901351109889,5901351169482
333,5901366020207,5901366111908,5901366175537
334,5901381020207,5901381108945,5901381162945
335,5901396020207,5901396104556,5901396156519
336,5901411020207,5901411114815,5901411181685
337,5901426020207,5901426110093,5901426169204
338,5901441020207,5901441112222,5901441178963
339,5901456020207,5901456105389,5901456159222
340,5901471020207,5901471112556,5901471175315
341,5901486020207,5901486125667,5901486178908
342,5901501020207,5901501106797,5901501161926
343,5901516020207,5901516111259,5901516172667
344,5901531020207,5901531108741,5901531172111
345,5901546020207,5901546109259,5901546176167
346,5901561020207,5901561117815,5901561226185
347,5901576020207,5901576109185,5901576165296
348,5901591020207,5901591105482,5901591158889
349,5901606020207,5901606114167,5901606188648
350,5901621020207,5901621108852,5901621160037
351,5901636020207,5901636105667,5901636161000
352,5901651020207,5901651108593,5901651189111
353,5901666020207,5901666113482,5901666178648
354,5901681020207,5901681107352,5901681160648
355,5901696020207,5901696105833,5901696159093
356,5901711020207,5901711114463,5901711188074
357,5901726020207,5901726109519,5901726162945
358,5901741020207,5901741106463,5901741156000
359,5901756020207,5901756109519,5901756169445
360,5901771020207,5901771111500,5901771177278
361,5901786020207,5901786107445,5901786162074
362,5901801020207,5901801105870,5901801160982
363,5901816020207,5901816110389,5901816171556
364,5901831020207,5901831107722,5901831160519
365,5901846020207,5901846128352,5901846187796
366,5901861020207,5901861116056,5901861202315
367,5901876020207,5901876110611,5901876170296
368,5901891020207,5901891105667,5901891159907
369,5901906020207,5901906132315,5901906208796
370,5901921020207,5901921107185,5901921160000
371,5901936020207,5901936104815,5901936156222
372,5901951020207,5901951117463,5901951184556
373,5901966020207,5901966118722,5901966214870
374,5901981020207,5901981109296,5901981165518
375,5901996020207,5901996113852,5901996171111
376,5902011020207,5902011114093,5902011195444
377,5902026020207,5902026107667,5902026164167
378,5902041020207,5902041106241,5902041160926
379,5902056020207,5902056117037,5902056201148
380,5902071020207,5902071138963,5902071196092
381,5902086020207,5902086104907,5902086159092
382,5902101020207,5902101112500,5902101166111
383,5902116020207,5902116111315,5902116178370
384,5902131020207,5902131107074,5902131161055
385,5902146020207,5902146105963,5902146166055
386,5902161020207,5902161112704,5902161175685
387,5902176020207,5902176111352,5902176165407
388,5902191020207,5902191104648,5902191158074
389,5902206020207,5902206114000,5902206197741
390,5902221020207,5902221109092,5902221163166
391,5902236020207,5902236106870,5902236160815
392,5902251020207,5902251109278,5902251169203
393,5902266020207,5902266112611,5902266173407
394,5902281020207,5902281109444,5902281162907
395,5902296020207,5902296108685,5902296166315
396,5902311020207,5902311113092,5902311195222
397,5902326020207,5902326108389,5902326162981
398,5902341020207,5902341104815,5902341158463
399,5902356020207,5902356117666,5902356204278
400,5902371020207,5902371109852,5902371164166
401,5902386020207,5902386105833,5902386158889
402,5902401020207,5902401110444,5902401171889
403,5902416020207,5902416112611,5902416176611
404,5902431020207,5902431107777,5902431160833
405,5902446020207,5902446109518,5902446182833
406,5902461020207,5902461111296,5902461170926
407,5902476020207,5902476108240,5902476165389
408,5902491020207,5902491106333,5902491156963
409,5902506020207,5902506113407,5902506176222
410,5902521020207,5902521107463,5902521163648
411,5902536020207,5902536107814,5902536166574
412,5902551020207,5902551108963,5902551166666
413,5902566020207,5902566112500,5902566176592
414,5902581020207,5902581110129,5902581170259
415,5902596020207,5902596105537,5902596163666
416,5902611020207,5902611114296,5902611178574
417,5902626020207,5902626091074,5902626148574
418,5902641020207,5902641107537,5902641161907
419,5902656020207,5902656118185,5902656205203
420,5902671020207,5902671108222,5902671164759
421,5902686020207,5902686095944,5902686150629
422,5902701020207,5902701114296,5902701189500
423,5902716020207,5902716110018,5902716166925
424,5902731020207,5902731117925,5902731168925
425,5902746020207,5902746115907,5902746184907
426,5902761020207,5902761115425,5902761179703
427,5902776020207,5902776109481,5902776164074
428,5902791020207,5902791107777,5902791159796
429,5902806020207,5902806114222,5902806192499
430,5902821020207,5902821109018,5902821161555
431,5902836020207,5902836107629,5902836159148
432,5902851020207,5902851093833,5902851167648
433,5902866020207,5902866114777,5902866179851
434,5902881020207,5902881108481,5902881164555
435,5902896020207,5902896106388,5902896159833
436,5902911020207,5902911073055,5902911131277
437,5902926020207,5902926107036,5902926160555
438,5902941020207,5902941110407,5902941172166
439,5902956020207,5902956120666,5902956217999
440,5902971020207,5902971112536,5902971175388
441,5902986020207,5902986107962,5902986162240
442,5903001020207,5903001112610,5903001195962
443,5903016020207,5903016123129,5903016196573
444,5903031020207,5903031111259,5903031172314
445,5903046020207,5903046114907,5903046193444
446,5903061020207,5903061124147,5903061190610
447,5903076020207,5903076107796,5903076168610
448,5903091020207,5903091108073,5903091163129
449,5903106020207,5903106116851,5903106214944
450,5903121020207,5903121109018,5903121162425
451,5903136020207,5903136107573,5903136159610
452,5903151020207,5903151095703,5903151176147
453,5903166020207,5903166111333,5903166167388
454,5903181020207,5903181106370,5903181160999
455,5903196020207,5903196106073,5903196158629
456,5903211020207,5903211112870,5903211175129
457,5903226020207,5903226107981,5903226163407
458,5903241020207,5903241106795,5903241159703
459,5903256020207,5903256112684,5903256176129
460,5903271020207,5903271108814,5903271162073
461,5903286020207,5903286105555,5903286159036
462,5903301020207,5903301111518,5903301192425
463,5903316020207,5903316108499,5903316165073
464,5903331020207,5903331105444,5903331156536
465,5903346020207,5903346106314,5903346158129
466,5903361020207,5903361115518,5903361179814
467,5903376020207,5903376110666,5903376165129
468,5903391020207,5903391105388,5903391159869
469,5903406020207,5903406113055,5903406196703
470,5903421020207,5903421107666,5903421161388
471,5903436020207,5903436107758,5903436161888
472,5903451020207,5903451069036,5903451163925
473,5903466020207,5903466108203,5903466162166
474,5903481020207,5903481107573,5903481161981
475,5903496020207,5903496110443,5903496172666
476,5903511020207,5903511114573,5903511180684
477,5903526020207,5903526126481,5903526181425
478,5903541020207,5903541104758,5903541159610
479,5903556020207,5903556111869,5903556174851
480,5903571020207,5903571109018,5903571161443
481,5903586020207,5903586107851,5903586159555
482,5903601020207,5903601111592,5903601172499
483,5903616020207,5903616109295,5903616163647
484,5903631020207,5903631107406,5903631162221
485,5903646020207,5903646106740,5903646161017
486,5903661020207,5903661115610,5903661184517
487,5903676020207,5903676109054,5903676166110
488,5903691020207,5903691105999,5903691157017
489,5903706020207,5903706111925,5903706170054
490,5903721020207,5903721109536,5903721163703
491,5903736020207,5903736107647,5903736159795
492,5903751020207,5903751111147,5903751202277
493,5903766020207,5903766111499,5903766168369
494,5903781020207,5903781105906,5903781159147
495,5903796020207,5903796117203,5903796196610
496,5903811020207,5903811110351,5903811164554
497,5903826020207,5903826108591,5903826161684
498,5903841020207,5903841105869,5903841163721
499,5903856020207,5903856113221,5903856189110
500,5903871020207,5903871130203,5903871185128
501,5903886020207,5903886107017,5903886161795
502,5903901020207,5903901112351,5903901173517
503,5903916020207,5903916111499,5903916168184
504,5903931020207,5903931108221,5903931158332
505,5903946020207,5903946121906,5903946243351
506,5903961020207,5903961116740,5903961189351
507,5903976020207,5903976097017,5903976155073
508,5903991020207,5903991105684,5903991158147
509,5904006020207,5904006112573,5904006178388
510,5904021020207,5904021107610,5904021159480
511,5904036020207,5904036108795,5904036164851
512,5904051020207,5904051114999,5904051196443
513,5904066020207,5904066112091,5904066173573
514,5904081020207,5904081128758,5904081250980
515,5904096020207,5904096129165,5904096232202
516,5904111020207,5904111116610,5904111185888
517,5904126020207,5904126110369,5904126168628
518,5904141020207,5904141121332,5904141216813
519,5904156020207,5904156132721,5904156194776
520,5904171020207,5904171105406,5904171160739
521,5904186020207,5904186110017,5904186167591
522,5904201020207,5904201116628,5904201215850
523,5904216020207,5904216111332,5904216167610
524,5904231020207,5904231105758,5904231155350
525,5904246020207,5904246112850,5904246186462
526,5904261020207,5904261113239,5904261170239
527,5904276020207,5904276109091,5904276163406
528,5904291020207,5904291104165,5904291154832
529,5904306020207,5904306111702,5904306174758
530,5904321020207,5904321109017,5904321162813
531,5904336020207,5904336106480,5904336156332
532,5904351020207,5904351111628,5904351171461
533,5904366020207,5904366113054,5904366173165
534,5904381020207,5904381109276,5904381162258
535,5904396020207,5904396114850,5904396196869
536,5904411020207,5904411110091,5904411171850
537,5904426020207,5904426105091,5904426155739
538,5904441020207,5904441111795,5904441201406
539,5904456020207,5904456112887,5904456182221
540,5904471020207,5904471106610,5904471159758
541,5904486020207,5904486115517,5904486164239
542,5904501020207,5904501117850,5904501219665
543,5904516020207,5904516111424,5904516167628
544,5904531020207,5904531105980,5904531159869
545,5904546020207,5904546113980,5904546215128
546,5904561020207,5904561112517,5904561170647
547,5904576020207,5904576108924,5904576165647
548,5904591020207,5904591114017,5904591185906
549,5904606020207,5904606111202,5904606175054
550,5904621020207,5904621157591,5904621213091
551,5904636020207,5904636106721,5904636158961
552,5904651020207,5904651115869,5904651178295
553,5904666020207,5904666111832,5904666169591
554,5904681020207,5904681105702,5904681159202
555,5904696020207,5904696116128,5904696184332
556,5904711020207,5904711107943,5904711168609
557,5904726020207,5904726106183,5904726158887
558,5904741020207,5904741106665,5904741159480
559,5904756020207,5904756113906,5904756190702
560,5904771020207,5904771107165,5904771160035
561,5904786020207,5904786105628,5904786160832
562,5904801020207,5904801112295,5904801173795
563,5904816020207,5904816115739,5904816180572
564,5904831020207,5904831108109,5904831162720
565,5904846020207,5904846114387,5904846204869
566,5904861020207,5904861111350,5904861170683
567,5904876020207,5904876107202,5904876160183
568,5904891020207,5904891112591,5904891190572
569,5904906020207,5904906109406,5904906163220
570,5904921020207,5904921106702,5904921157072
571,5904936020207,5904936105332,5904936157665
572,5904951020207,5904951116332,5904951194017
573,5904966020207,5904966114906,5904966179257
574,5904981020207,5904981107387,5904981161980
575,5904996020207,5904996119739,5904996181961
576,5905011020207,5905011113239,5905011170239
577,5905026020207,5905026106961,5905026159850
578,5905041020207,5905041094535,5905041151239
579,5905056020207,5905056114072,5905056178980
580,5905071020207,5905071111572,5905071171257
581,5905086020207,5905086107239,5905086162776
582,5905101020207,5905101110757,5905101172702
583,5905116020207,5905116109924,5905116163498
584,5905131020207,5905131106091,5905131156980
585,5905146020207,5905146112517,5905146196776
586,5905161020207,5905161110980,5905161424017
587,5905176020207,5905176108998,5905176506794
588,5905191020207,5905191118424,5905191216405
589,5905206020207,5905206112313,5905206180517
590,5905221020207,5905221111054,5905221177331
591,5905236020207,5905236122202,5905236214461
592,5905251020207,5905251119813,5905251191442
593,5905266020207,5905266116683,5905266194479
594,5905281020207,5905281111516,5905281180554
595,5905296020207,5905296083850,5905296161535
596,5905311020207,5905311113054,5905311181331
597,5905326020207,5905326108442,5905326174350
598,5905341020207,5905341134591,5905341227294
599,5905356020207,5905356117405,5905356185961
600,5905371020207,5905371117461,5905371194294
601,5905386020207,5905386111053,5905386180739
602,5905401020207,5905401118202,5905401196535
603,5905416020207,5905416109831,5905416182331
604,5905431020207,5905431110794,5905431175553
605,5905446020207,5905446118609,5905446194683
606,5905461020207,5905461130609,5905461201016
607,5905476020207,5905476112350,5905476179924
608,5905491020207,5905491118905,5905491210442
609,5905506020207,5905506116572,5905506206831
610,5905521020207,5905521112498,5905521181572
611,5905536020207,5905536119405,5905536218405
612,5905551020207,5905551114202,5905551189535
613,5905566020207,5905566119442,5905566189831
614,5905581020207,5905581142831,5905581364368
615,5905596020207,5905596126998,5905596228979
616,5905611020207,5905611112146,5905611183590
617,5905626020207,5905626109590,5905626176387
618,5905641020207,5905641119942,5905641212516
619,5905656020207,5905656112738,5905656180794
620,5905671020207,5905671113331,5905671182146
621,5905686020207,5905686130720,5905686217053
622,5905701020207,5905701115887,5905701193109
623,5905716020207,5905716093109,5905716161164
624,5905731020207,5905731110609,5905731174442
625,5905746020207,5905746120942,5905746200387
626,5905761020207,5905761124813,5905761209683
627,5905776020207,5905776112757,5905776184498
628,5905791020207,5905791121238,5905791195535
629,5905806020207,5905806113738,5905806196831
630,5905821020207,5905821110572,5905821178942
631,5905836020207,5905836124942,5905836222257
632,5905851020207,5905851113257,5905851179979
633,5905866020207,5905866115627,5905866189349
634,5905881020207,5905881112146,5905881177961
635,5905896020207,5905896125053,5905896202701
636,5905911020207,5905911200868,5905911428109
637,5905926020207,5905926110646,5905926179201
638,5905941020207,5905941125238,5905941240016
639,5905956020207,5905956133127,5905956217812
640,5905971020207,5905971120275,5905971194849
641,5905986020207,5905986122461,5905986224183
642,5906001020207,5906001118868,5906001187590
643,5906016020207,5906016119349,5906016189886
644,5906031020207,5906031120016,5906031192942
645,5906046020207,5906046120868,5906046202109
646,5906061020207,5906061117498,5906061206183
647,5906076020207,5906076112164,5906076190738
648,5906091020207,5906091120812,5906091198090
649,5906106020207,5906106126535,5906106194535
650,5906121020207,5906121114664,5906121176960
651,5906136020207,5906136124257,5906136229923
652,5906151020207,5906151143294,5906151210868
653,5906166020207,5906166115627,5906166196590
654,5906181020207,5906181112534,5906181182942
655,5906196020207,5906196122238,5906196198905
656,5906211020207,5906211112905,5906211180979
657,5906226020207,5906226081386,5906226147701
658,5906241020207,5906241123627,5906241431960
659,5906256020207,5906256113664,5906256188609
660,5906271020207,5906271115701,5906271190090
661,5906286020207,5906286119590,5906286217034
662,5906301020207,5906301118442,5906301183997
663,5906316020207,5906316111942,5906316177201
664,5906331020207,5906331120016,5906331210053
665,5906346020207,5906346117479,5906346191794
666,5906361020207,5906361108516,5906361174720
667,5906376020207,5906376117405,5906376191553
