sequence,deadline_ns,send_before_ns,send_after_ns,bytes_sent,errno
1,77040958788000,77040958814100,77040959024200,715,
2,77040973788000,77040974040500,77040974092600,715,
3,77040988788000,77040989237300,77040989292400,715,
4,77041003788000,77041004014700,77041004085400,715,
5,77041018788000,77041018833300,77041018878500,715,
6,77041033788000,77041034009600,77041034094600,715,
7,77041048788000,77041048979700,77041049050300,715,
8,77041063788000,77041063875800,77041063970400,715,
9,77041078788000,77041079189500,77041079230500,715,
10,77041093788000,77041094042800,77041094109800,715,
11,77041108788000,77041108965600,77041109081300,715,
12,77041123788000,77041124158500,77041124226500,715,
13,77041138788000,77041138927000,77041138993700,715,
14,77041153788000,77041154287600,77041154412600,715,
15,77041168788000,77041168880900,77041168972100,715,
16,77041183788000,77041183927300,77041184019200,715,
17,77041198788000,77041198977500,77041199077100,715,
18,77041213788000,77041214402000,77041214533000,715,
19,77041228788000,77041228884700,77041229018800,715,
20,77041243788000,77041244039500,77041244175900,715,
21,77041258788000,77041259379900,77041259467500,715,
22,77041273788000,77041274285900,77041274413100,715,
23,77041288788000,77041288889200,77041289024200,715,
24,77041303788000,77041304218200,77041304309900,715,
25,77041318788000,77041318904900,77041318973500,715,
26,77041333788000,77041334367000,77041334461200,715,
27,77041348788000,77041349001100,77041349166900,715,
28,77041363788000,77041364183800,77041364315300,715,
29,77041378788000,77041379047300,77041379162500,715,
30,77041393788000,77041394207800,77041394365100,715,
31,77041408788000,77041409274100,77041409409700,715,
32,77041423788000,77041424325100,77041424431500,715,
33,77041438788000,77041438891100,77041438997500,715,
34,77041453788000,77041454331700,77041454463700,715,
35,77041468788000,77041469250700,77041469322000,715,
36,77041483788000,77041483909300,77041484014700,715,
37,77041498788000,77041498878400,77041498973600,715,
38,77041513788000,77041513876500,77041513983800,715,
39,77041528788000,77041529097700,77041529235600,715,
40,77041543788000,77041543953300,77041544016800,715,
41,77041558788000,77041558933100,77041559021500,715,
42,77041573788000,77041574352700,77041574484900,715,
43,77041588788000,77041589308300,77041589435100,715,
44,77041603788000,77041604066800,77041604204200,715,
45,77041618788000,77041619052700,77041619146500,715,
46,77041633788000,77041634286300,77041634357700,715,
47,77041648788000,77041648904500,77041649042600,715,
48,77041663788000,77041663886300,77041664006900,715,
49,77041678788000,77041679068200,77041679173600,715,
50,77041693788000,77041694316200,77041694463700,715,
51,77041708788000,77041708926600,77041709081500,715,
52,77041723788000,77041724424300,77041724552900,715,
53,77041738788000,77041739056200,77041739171100,715,
54,77041753788000,77041753912900,77041754049200,715,
55,77041768788000,77041769118300,77041769225900,715,
56,77041783788000,77041784297300,77041784450800,715,
57,77041798788000,77041798904800,77041799031800,715,
58,77041813788000,77041814125300,77041814236800,715,
59,77041828788000,77041829195300,77041829289800,715,
60,77041843788000,77041844171200,77041844258400,715,
61,77041858788000,77041858922200,77041859082900,715,
62,77041873788000,77041874408700,77041874500500,715,
63,77041888788000,77041888882700,77041888993500,715,
64,77041903788000,77041904258900,77041904358400,715,
65,77041918788000,77041919439100,77041919550600,715,
66,77041933788000,77041934131800,77041934265500,715,
67,77041948788000,77041949214700,77041949361600,715,
68,77041963788000,77041963904500,77041964004300,715,
69,77041978788000,77041978866200,77041978944900,715,
70,77041993788000,77041994571900,77041994692600,715,
71,77042008788000,77042009336900,77042009465900,715,
72,77042023788000,77042024381400,77042024441300,715,
73,77042038788000,77042039489700,77042039567500,715,
74,77042053788000,77042054050200,77042054118300,715,
75,77042068788000,77042068908100,77042068995100,715,
76,77042083788000,77042083843700,77042083919300,715,
77,77042098788000,77042099093600,77042099157400,715,
78,77042113788000,77042114281200,77042114329100,715,
79,77042128788000,77042129101600,77042129174500,715,
80,77042143788000,77042143969600,77042144134200,715,
81,77042158788000,77042159313800,77042159392300,715,
82,77042173788000,77042173879900,77042173969500,715,
83,77042188788000,77042189292100,77042189344200,715,
84,77042203788000,77042204181800,77042204237400,715,
85,77042218788000,77042219478300,77042219622200,715,
86,77042233788000,77042234089600,77042234196700,715,
87,77042248788000,77042248924200,77042249051500,715,
88,77042263788000,77042263915100,77042264041300,715,
89,77042278788000,77042279146700,77042279217900,715,
90,77042293788000,77042293982900,77042294076200,715,
91,77042308788000,77042309298500,77042309409300,715,
92,77042323788000,77042323934700,77042324052800,715,
93,77042338788000,77042339166300,77042339247500,715,
94,77042353788000,77042353924100,77042354007800,715,
95,77042368788000,77042368991100,77042369091700,715,
96,77042383788000,77042383888500,77042383983300,715,
97,77042398788000,77042398880900,77042398956400,715,
98,77042413788000,77042414129900,77042414260900,715,
99,77042428788000,77042429213500,77042429303300,715,
100,77042443788000,77042443841100,77042443920700,715,
101,77042458788000,77042459138800,77042459191300,715,
102,77042473788000,77042474279400,77042474360000,715,
103,77042488788000,77042489167100,77042489245900,715,
104,77042503788000,77042504014000,77042504163700,715,
105,77042518788000,77042519240800,77042519320700,715,
106,77042533788000,77042533903100,77042533993600,715,
107,77042548788000,77042549261000,77042549362900,715,
108,77042563788000,77042564112600,77042564195000,715,
109,77042578788000,77042579037900,77042579161300,715,
110,77042593788000,77042593930300,77042594003300,715,
111,77042608788000,77042608956600,77042609037200,715,
112,77042623788000,77042624212200,77042624283000,715,
113,77042638788000,77042639457300,77042639542600,715,
114,77042653788000,77042654090800,77042654210500,715,
115,77042668788000,77042668999600,77042669077300,715,
116,77042683788000,77042684206000,77042684281300,715,
117,77042698788000,77042699332000,77042699407100,715,
118,77042713788000,77042714111000,77042714293100,715,
119,77042728788000,77042729230100,77042729370600,715,
120,77042743788000,77042744148000,77042744243900,715,
121,77042758788000,77042758947900,77042759098700,715,
122,77042773788000,77042774263600,77042774345000,715,
123,77042788788000,77042789050800,77042789157900,715,
124,77042803788000,77042804032800,77042804115400,715,
125,77042818788000,77042819090800,77042819205100,715,
126,77042833788000,77042834243600,77042834327500,715,
127,77042848788000,77042849147600,77042849212100,715,
128,77042863788000,77042863962300,77042864043500,715,
129,77042878788000,77042878866100,77042878967000,715,
130,77042893788000,77042893911000,77042893974600,715,
131,77042908788000,77042909103300,77042909182700,715,
132,77042923788000,77042924015500,77042924102100,715,
133,77042938788000,77042939228300,77042939355700,715,
134,77042953788000,77042954247700,77042954386800,715,
135,77042968788000,77042969400500,77042969522200,715,
136,77042983788000,77042984632500,77042984763600,715,
137,77042998788000,77042999024900,77042999156800,715,
138,77043013788000,77043013904200,77043014043200,715,
139,77043028788000,77043030041300,77043030186400,715,
140,77043043788000,77043044171700,77043044317300,715,
141,77043058788000,77043058922700,77043059050600,715,
142,77043073788000,77043074331100,77043074417700,715,
143,77043088788000,77043089007800,77043089150900,715,
144,77043103788000,77043104195600,77043104342200,715,
145,77043118788000,77043119094600,77043119179000,715,
146,77043133788000,77043134278800,77043134363800,715,
147,77043148788000,77043149239500,77043149404800,715,
148,77043163788000,77043164116600,77043164178700,715,
149,77043178788000,77043179386200,77043179531500,715,
150,77043193788000,77043194189000,77043194277800,715,
151,77043208788000,77043209486100,77043209594200,715,
152,77043223788000,77043224238200,77043224371800,715,
153,77043238788000,77043238890800,77043239011200,715,
154,77043253788000,77043254590300,77043254706200,715,
155,77043268788000,77043269292200,77043269424600,715,
156,77043283788000,77043284292500,77043284423400,715,
157,77043298788000,77043299393400,77043299549400,715,
158,77043313788000,77043314222200,77043314368000,715,
159,77043328788000,77043329063300,77043329163000,715,
160,77043343788000,77043343844100,77043343899200,715,
161,77043358788000,77043359190300,77043359277100,715,
162,77043373788000,77043373888700,77043374037200,715,
163,77043388788000,77043388909300,77043389030100,715,
164,77043403788000,77043405255400,77043405504600,715,
165,77043418788000,77043419437500,77043419523000,715,
166,77043433788000,77043433966000,77043434117100,715,
167,77043448788000,77043448918000,77043449060200,715,
168,77043463788000,77043464279200,77043464426600,715,
169,77043478788000,77043479103800,77043479223700,715,
170,77043493788000,77043494135300,77043494271200,715,
171,77043508788000,77043509296800,77043509391800,715,
172,77043523788000,77043523864200,77043523987600,715,
173,77043538788000,77043539064300,77043539180800,715,
174,77043553788000,77043554270600,77043554388800,715,
175,77043568788000,77043569043400,77043569170100,715,
176,77043583788000,77043584164100,77043584317800,715,
177,77043598788000,77043599168900,77043599312600,715,
178,77043613788000,77043613889700,77043614012600,715,
179,77043628788000,77043628894100,77043629020000,715,
180,77043643788000,77043644479500,77043644566800,715,
181,77043658788000,77043659160000,77043659272000,715,
182,77043673788000,77043674048800,77043674163900,715,
183,77043688788000,77043688880500,77043689002900,715,
184,77043703788000,77043704300700,77043704430800,715,
185,77043718788000,77043718963600,77043719057400,715,
186,77043733788000,77043734146400,77043734279700,715,
187,77043748788000,77043749230600,77043749377300,715,
188,77043763788000,77043764044000,77043764163400,715,
189,77043778788000,77043779553000,77043779661200,715,
190,77043793788000,77043793873900,77043794016400,715,
191,77043808788000,77043809253800,77043809380500,715,
192,77043823788000,77043823886000,77043824012400,715,
193,77043838788000,77043839162300,77043839292000,715,
194,77043853788000,77043854068600,77043854165500,715,
195,77043868788000,77043869301700,77043869388700,715,
196,77043883788000,77043884201500,77043884303500,715,
197,77043898788000,77043899160700,77043899302700,715,
198,77043913788000,77043914056700,77043914145200,715,
199,77043928788000,77043929156000,77043929247200,715,
200,77043943788000,77043943941300,77043944057500,715,
201,77043958788000,77043958915500,77043959001500,715,
202,77043973788000,77043973882800,77043974007100,715,
203,77043988788000,77043988956100,77043989089800,715,
204,77044003788000,77044004008500,77044004100600,715,
205,77044018788000,77044019185800,77044019391700,715,
206,77044033788000,77044033897000,77044034022900,715,
207,77044048788000,77044049185800,77044049362900,715,
208,77044063788000,77044063891300,77044063977200,715,
209,77044078788000,77044079068700,77044079156800,715,
210,77044093788000,77044094168900,77044094309500,715,
211,77044108788000,77044109661200,77044109810300,715,
212,77044123788000,77044124524000,77044124667000,715,
213,77044138788000,77044139551900,77044139663000,715,
214,77044153788000,77044154185000,77044154278600,715,
215,77044168788000,77044169120500,77044169264200,715,
216,77044183788000,77044185126500,77044185272800,715,
217,77044198788000,77044199543900,77044199669800,715,
218,77044213788000,77044213971500,77044214129000,715,
219,77044228788000,77044229460600,77044229607000,715,
220,77044243788000,77044244415300,77044244557300,715,
221,77044258788000,77044260073200,77044260224600,715,
222,77044273788000,77044275082600,77044275228700,715,
223,77044288788000,77044289248900,77044289339000,715,
224,77044303788000,77044304358300,77044304464700,715,
225,77044318788000,77044319387600,77044319529000,715,
226,77044333788000,77044334796200,77044334942600,715,
227,77044348788000,77044349631500,77044349779600,715,
228,77044363788000,77044363970100,77044364052500,715,
229,77044378788000,77044379287900,77044379426400,715,
230,77044393788000,77044394742800,77044394886500,715,
231,77044408788000,77044409163300,77044409308000,715,
232,77044423788000,77044424469800,77044424619500,715,
233,77044438788000,77044438856800,77044438947400,715,
234,77044453788000,77044454401600,77044454558200,715,
235,77044468788000,77044468883900,77044469006900,715,
236,77044483788000,77044484256600,77044484404400,715,
237,77044498788000,77044499095500,77044499222100,715,
238,77044513788000,77044513931700,77044514019300,715,
239,77044528788000,77044529076400,77044529213300,715,
240,77044543788000,77044544255400,77044544403500,715,
241,77044558788000,77044558969900,77044559103800,715,
242,77044573788000,77044574081500,77044574214800,715,
243,77044588788000,77044589293600,77044589399800,715,
244,77044603788000,77044604212600,77044604347900,715,
245,77044618788000,77044618999700,77044619131900,715,
246,77044633788000,77044633983900,77044634104800,715,
247,77044648788000,77044648983900,77044649074200,715,
248,77044663788000,77044664190300,77044664328400,715,
249,77044678788000,77044679095100,77044679196100,715,
250,77044693788000,77044693856000,77044693956100,715,
251,77044708788000,77044709499500,77044709646500,715,
252,77044723788000,77044724315700,77044724446500,715,
253,77044738788000,77044738895600,77044739022400,715,
254,77044753788000,77044754928800,77044755075200,715,
255,77044768788000,77044769327100,77044769473800,715,
256,77044783788000,77044785004700,77044785151000,715,
257,77044798788000,77044799592000,77044799701800,715,
258,77044813788000,77044814161400,77044814317600,715,
259,77044828788000,77044829224900,77044829373900,715,
260,77044843788000,77044843892000,77044844013800,715,
261,77044858788000,77044859232900,77044859393700,715,
262,77044873788000,77044874138900,77044874224700,715,
263,77044888788000,77044889331800,77044889460200,715,
264,77044903788000,77044903880800,77044903998700,715,
265,77044918788000,77044919933700,77044920081600,715,
266,77044933788000,77044933950400,77044934041000,715,
267,77044948788000,77044948953100,77044949126600,715,
268,77044963788000,77044963902600,77044964029500,715,
269,77044978788000,77044979389300,77044979536000,715,
270,77044993788000,77044994071600,77044994186500,715,
271,77045008788000,77045009055100,77045009182300,715,
272,77045023788000,77045024435400,77045024527800,715,
273,77045038788000,77045039244900,77045039381400,715,
274,77045053788000,77045054247300,77045054394000,715,
275,77045068788000,77045069496100,77045069641000,715,
276,77045083788000,77045084206400,77045084338500,715,
277,77045098788000,77045099251600,77045099398400,715,
278,77045113788000,77045114221600,77045114368000,715,
279,77045128788000,77045128896300,77045128979400,715,
280,77045143788000,77045143849300,77045143928800,715,
281,77045158788000,77045159010200,77045159093900,715,
282,77045173788000,77045174205100,77045174304100,715,
283,77045188788000,77045189209300,77045189325300,715,
284,77045203788000,77045204013700,77045204136000,715,
285,77045218788000,77045218887500,77045218990300,715,
286,77045233788000,77045233926300,77045234021000,715,
287,77045248788000,77045249112100,77045249235700,715,
288,77045263788000,77045263964800,77045264087600,715,
289,77045278788000,77045278967000,77045279048400,715,
290,77045293788000,77045294328200,77045294411900,715,
291,77045308788000,77045309093100,77045309188000,715,
292,77045323788000,77045324011600,77045324107800,715,
293,77045338788000,77045339008200,77045339091600,715,
294,77045353788000,77045353949700,77045354029600,715,
295,77045368788000,77045369100400,77045369184600,715,
296,77045383788000,77045384265400,77045384346700,715,
297,77045398788000,77045399171800,77045399286600,715,
298,77045413788000,77045413947400,77045414029500,715,
299,77045428788000,77045429321500,77045429405200,715,
300,77045443788000,77045443898500,77045443974400,715,
301,77045458788000,77045458968700,77045459192000,715,
302,77045473788000,77045474275300,77045474381700,715,
303,77045488788000,77045489312400,77045489408500,715,
304,77045503788000,77045504298700,77045504400900,715,
305,77045518788000,77045518898300,77045519005700,715,
306,77045533788000,77045534224400,77045534326800,715,
307,77045548788000,77045549213300,77045549314200,715,
308,77045563788000,77045564231700,77045564302100,715,
309,77045578788000,77045579258300,77045579330000,715,
310,77045593788000,77045594308300,77045594405200,715,
311,77045608788000,77045609065600,77045609189800,715,
312,77045623788000,77045624113900,77045624224100,715,
313,77045638788000,77045638852900,77045638950800,715,
314,77045653788000,77045653933900,77045654016500,715,
315,77045668788000,77045668925100,77045669052600,715,
316,77045683788000,77045684011900,77045684085700,715,
317,77045698788000,77045699195300,77045699250800,715,
318,77045713788000,77045714153400,77045714214400,715,
319,77045728788000,77045729129500,77045729232900,715,
320,77045743788000,77045744357500,77045744511400,715,
321,77045758788000,77045759017100,77045759144200,715,
322,77045773788000,77045773878300,77045773942500,715,
323,77045788788000,77045789021800,77045789095400,715,
324,77045803788000,77045804332800,77045804414600,715,
325,77045818788000,77045819272300,77045819388000,715,
326,77045833788000,77045833870200,77045833947300,715,
327,77045848788000,77045848877100,77045848956300,715,
328,77045863788000,77045864273400,77045864355200,715,
329,77045878788000,77045879042300,77045879133300,715,
330,77045893788000,77045893871400,77045893977700,715,
331,77045908788000,77045908961200,77045909058800,715,
332,77045923788000,77045924255600,77045924331800,715,
333,77045938788000,77045939215100,77045939337900,715,
334,77045953788000,77045953896700,77045953975700,715,
335,77045968788000,77045968913500,77045969037300,715,
336,77045983788000,77045983911600,77045983986200,715,
337,77045998788000,77045999236500,77045999318200,715,
338,77046013788000,77046013914300,77046013995000,715,
339,77046028788000,77046028948500,77046029024200,715,
340,77046043788000,77046044273700,77046044426600,715,
341,77046058788000,77046059191100,77046059267000,715,
342,77046073788000,77046074122200,77046074200600,715,
343,77046088788000,77046088892400,77046088964800,715,
344,77046103788000,77046104210000,77046104331900,715,
345,77046118788000,77046119106300,77046119157500,715,
346,77046133788000,77046134225100,77046134286800,715,
347,77046148788000,77046149233900,77046149337200,715,
348,77046163788000,77046164214000,77046164294700,715,
349,77046178788000,77046179284100,77046179388300,715,
350,77046193788000,77046194049800,77046194136800,715,
351,77046208788000,77046208979600,77046209102600,715,
352,77046223788000,77046224320000,77046224397900,715,
353,77046238788000,77046239286900,77046239370900,715,
354,77046253788000,77046254045000,77046254130700,715,
355,77046268788000,77046269134200,77046269221500,715,
356,77046283788000,77046283867300,77046283936700,715,
357,77046298788000,77046298967400,77046299052600,715,
358,77046313788000,77046313875000,77046313979100,715,
359,77046328788000,77046329272000,77046329396100,715,
360,77046343788000,77046343888900,77046344029900,715,
361,77046358788000,77046359139000,77046359261900,715,
362,77046373788000,77046373880500,77046373961300,715,
363,77046388788000,77046389479000,77046389554400,715,
364,77046403788000,77046404216500,77046404326600,715,
365,77046418788000,77046419219800,77046419348300,715,
366,77046433788000,77046434068700,77046434155400,715,
367,77046448788000,77046449071600,77046449158500,715,
368,77046463788000,77046463925100,77046464022500,715,
369,77046478788000,77046479214200,77046479333300,715,
370,77046493788000,77046494049300,77046494133700,715,
371,77046508788000,77046508916900,77046509001600,715,
372,77046523788000,77046524241100,77046524319900,715,
373,77046538788000,77046539028400,77046539106900,715,
374,77046553788000,77046554213500,77046554298200,715,
375,77046568788000,77046569026300,77046569110700,715,
376,77046583788000,77046584329700,77046584413100,715,
377,77046598788000,77046599358400,77046599452300,715,
378,77046613788000,77046614015800,77046614158400,715,
379,77046628788000,77046629042500,77046629129300,715,
380,77046643788000,77046644192800,77046644273200,715,
381,77046658788000,77046659233800,77046659315700,715,
382,77046673788000,77046674041900,77046674134800,715,
383,77046688788000,77046689195300,77046689327700,715,
384,77046703788000,77046704211400,77046704292700,715,
385,77046718788000,77046719168300,77046719249500,715,
386,77046733788000,77046734096600,77046734176800,715,
387,77046748788000,77046749348500,77046749453700,715,
388,77046763788000,77046764217800,77046764370100,715,
389,77046778788000,77046779184300,77046779295900,715,
390,77046793788000,77046793989200,77046794109900,715,
391,77046808788000,77046809310400,77046809380500,715,
392,77046823788000,77046823921300,77046824017000,715,
393,77046838788000,77046839095500,77046839255400,715,
394,77046853788000,77046853899500,77046853959900,715,
395,77046868788000,77046869319100,77046869403200,715,
396,77046883788000,77046884239500,77046884337700,715,
397,77046898788000,77046899093500,77046899165300,715,
398,77046913788000,77046913829300,77046913881200,715,
399,77046928788000,77046928909100,77046929023100,715,
400,77046943788000,77046944037200,77046944112200,715,
401,77046958788000,77046959550100,77046959623000,715,
402,77046973788000,77046974181900,77046974287200,715,
403,77046988788000,77046989316500,77046989450100,715,
404,77047003788000,77047004098800,77047004196900,715,
405,77047018788000,77047018978500,77047019063000,715,
406,77047033788000,77047034421200,77047034496100,715,
407,77047048788000,77047049364000,77047049474100,715,
408,77047063788000,77047063954000,77047064054400,715,
409,77047078788000,77047079396400,77047079444000,715,
410,77047093788000,77047094244900,77047094330500,715,
411,77047108788000,77047109164700,77047109248500,715,
412,77047123788000,77047124230300,77047124389400,715,
413,77047138788000,77047139229200,77047139373500,715,
414,77047153788000,77047154123200,77047154220000,715,
415,77047168788000,77047169052700,77047169109200,715,
416,77047183788000,77047183974000,77047184043000,715,
417,77047198788000,77047198856800,77047198969700,715,
418,77047213788000,77047213902400,77047214010300,715,
419,77047228788000,77047229104900,77047229263300,715,
420,77047243788000,77047244528500,77047244632700,715,
421,77047258788000,77047259222200,77047259338700,715,
422,77047273788000,77047274084000,77047274158200,715,
423,77047288788000,77047289145100,77047289227800,715,
424,77047303788000,77047304256600,77047304339100,715,
425,77047318788000,77047318846900,77047318925400,715,
426,77047333788000,77047334328700,77047334442200,715,
427,77047348788000,77047349578800,77047349705600,715,
428,77047363788000,77047364076300,77047364189300,715,
429,77047378788000,77047378847100,77047378933200,715,
430,77047393788000,77047393880700,77047393977100,715,
431,77047408788000,77047409141800,77047409243100,715,
432,77047423788000,77047423882400,77047423964200,715,
433,77047438788000,77047439250300,77047439337700,715,
434,77047453788000,77047453920300,77047454002600,715,
435,77047468788000,77047468936100,77047469020600,715,
436,77047483788000,77047483922800,77047484092500,715,
437,77047498788000,77047499104100,77047499191500,715,
438,77047513788000,77047514276400,77047514392900,715,
439,77047528788000,77047529205000,77047529325900,715,
440,77047543788000,77047543868000,77047543971100,715,
441,77047558788000,77047559036400,77047559163700,715,
442,77047573788000,77047573915100,77047573992300,715,
443,77047588788000,77047589041900,77047589124900,715,
444,77047603788000,77047604178000,77047604233300,715,
445,77047618788000,77047619135300,77047619233000,715,
446,77047633788000,77047634164000,77047634292200,715,
447,77047648788000,77047648900900,77047648981400,715,
448,77047663788000,77047664015300,77047664097300,715,
449,77047678788000,77047678997400,77047679124200,715,
450,77047693788000,77047694248000,77047694360600,715,
451,77047708788000,77047709005800,77047709090300,715,
452,77047723788000,77047724039500,77047724167100,715,
453,77047738788000,77047739158400,77047739286900,715,
454,77047753788000,77047754295600,77047754422800,715,
455,77047768788000,77047769277100,77047769370400,715,
456,77047783788000,77047784015400,77047784136800,715,
457,77047798788000,77047799334800,77047799415300,715,
458,77047813788000,77047814164200,77047814217600,715,
459,77047828788000,77047828953800,77047829028700,715,
460,77047843788000,77047844110900,77047844233200,715,
461,77047858788000,77047859077700,77047859208300,715,
462,77047873788000,77047874020000,77047874145200,715,
463,77047888788000,77047889091700,77047889174700,715,
464,77047903788000,77047904217900,77047904302000,715,
465,77047918788000,77047918940800,77047919049100,715,
466,77047933788000,77047934230800,77047934296100,715,
467,77047948788000,77047949221400,77047949297500,715,
468,77047963788000,77047964281900,77047964357400,715,
469,77047978788000,77047979108500,77047979191700,715,
470,77047993788000,77047994177100,77047994306000,715,
471,77048008788000,77048009155600,77048009360700,715,
472,77048023788000,77048023835900,77048023918000,715,
473,77048038788000,77048038971000,77048039062100,715,
474,77048053788000,77048054116000,77048054224100,715,
475,77048068788000,77048069147000,77048069280500,715,
476,77048083788000,77048084006300,77048084131200,715,
477,77048098788000,77048099027600,77048099157200,715,
478,77048113788000,77048114131400,77048114223400,715,
479,77048128788000,77048129347700,77048129451300,715,
480,77048143788000,77048144065800,77048144163200,715,
481,77048158788000,77048158997800,77048159077100,715,
482,77048173788000,77048173905800,77048174021700,715,
483,77048188788000,77048189005100,77048189085800,715,
484,77048203788000,77048204265300,77048204386200,715,
485,77048218788000,77048219061200,77048219179700,715,
486,77048233788000,77048234016500,77048234124500,715,
487,77048248788000,77048248850800,77048248927600,715,
488,77048263788000,77048264154100,77048264219100,715,
489,77048278788000,77048278999500,77048279162200,715,
490,77048293788000,77048294226800,77048294357300,715,
491,77048308788000,77048309496700,77048309644700,715,
492,77048323788000,77048324384400,77048324494800,715,
493,77048338788000,77048339396000,77048339525500,715,
494,77048353788000,77048354320700,77048354456800,715,
495,77048368788000,77048369171800,77048369319300,715,
496,77048383788000,77048384997800,77048385143000,715,
497,77048398788000,77048399421600,77048399529000,715,
498,77048413788000,77048414008900,77048414122200,715,
499,77048428788000,77048429179500,77048429319400,715,
500,77048443788000,77048444048900,77048444184600,715,
501,77048458788000,77048459322500,77048459415900,715,
502,77048473788000,77048474103100,77048474205400,715,
503,77048488788000,77048489602700,77048489756400,715,
504,77048503788000,77048504166000,77048504311700,715,
505,77048518788000,77048519336400,77048519485200,715,
506,77048533788000,77048534565700,77048534713000,715,
507,77048548788000,77048549196300,77048549284800,715,
508,77048563788000,77048564276300,77048564405100,715,
509,77048578788000,77048578920300,77048579035900,715,
510,77048593788000,77048594084700,77048594197800,715,
511,77048608788000,77048609263100,77048609357000,715,
512,77048623788000,77048624055000,77048624142300,715,
513,77048638788000,77048639203000,77048639314000,715,
514,77048653788000,77048654141600,77048654227700,715,
515,77048668788000,77048668874100,77048668984200,715,
516,77048683788000,77048684034900,77048684118000,715,
517,77048698788000,77048699014800,77048699079500,715,
518,77048713788000,77048714044100,77048714099300,715,
519,77048728788000,77048729004100,77048729076400,715,
520,77048743788000,77048743918000,77048744001500,715,
521,77048758788000,77048759097100,77048759192700,715,
522,77048773788000,77048773953900,77048774063600,715,
523,77048788788000,77048789204000,77048789346900,715,
524,77048803788000,77048804587900,77048804734700,715,
525,77048818788000,77048819565000,77048819714400,715,
526,77048833788000,77048833957200,77048834064300,715,
527,77048848788000,77048849068400,77048849264200,715,
528,77048863788000,77048864196700,77048864357800,715,
529,77048878788000,77048879204200,77048879350600,715,
530,77048893788000,77048894203900,77048894330800,715,
531,77048908788000,77048909136400,77048909221900,715,
532,77048923788000,77048924140400,77048924335000,715,
533,77048938788000,77048939519400,77048939663200,715,
534,77048953788000,77048954350900,77048954495600,715,
535,77048968788000,77048969335700,77048969461900,715,
536,77048983788000,77048984283900,77048984372600,715,
537,77048998788000,77048999303400,77048999494400,715,
538,77049013788000,77049014350500,77049014496100,715,
539,77049028788000,77049029323000,77049029482600,715,
540,77049043788000,77049045167900,77049045317400,715,
541,77049058788000,77049059216500,77049059312000,715,
542,77049073788000,77049074215400,77049074350500,715,
543,77049088788000,77049089337800,77049089476900,715,
544,77049103788000,77049104456600,77049104574100,715,
545,77049118788000,77049118972800,77049119113100,715,
546,77049133788000,77049134293100,77049134397000,715,
547,77049148788000,77049149316300,77049149451500,715,
548,77049163788000,77049164533800,77049164695100,715,
549,77049178788000,77049179625600,77049179773500,715,
550,77049193788000,77049194333000,77049194388800,715,
551,77049208788000,77049209199800,77049209346700,715,
552,77049223788000,77049224268700,77049224316900,715,
553,77049238788000,77049239043400,77049239138300,715,
554,77049253788000,77049254612700,77049254762100,715,
555,77049268788000,77049269154300,77049269270300,715,
556,77049283788000,77049284020300,77049284212200,715,
557,77049298788000,77049299368800,77049299528000,715,
558,77049313788000,77049314546000,77049314694100,715,
559,77049328788000,77049329592400,77049329755200,715,
560,77049343788000,77049344350100,77049344472000,715,
561,77049358788000,77049359252100,77049359392100,715,
562,77049373788000,77049374595200,77049374740100,715,
563,77049388788000,77049389065600,77049389146500,715,
564,77049403788000,77049404409100,77049404554100,715,
565,77049418788000,77049419021300,77049419124200,715,
566,77049433788000,77049434025500,77049434162500,715,
567,77049448788000,77049449610600,77049449757300,715,
568,77049463788000,77049464326400,77049464471900,715,
569,77049478788000,77049479676100,77049479837800,715,
570,77049493788000,77049494323500,77049494391400,715,
571,77049508788000,77049509152800,77049509295800,715,
572,77049523788000,77049524632100,77049524778100,715,
573,77049538788000,77049539329100,77049539462700,715,
574,77049553788000,77049554341100,77049554426700,715,
575,77049568788000,77049569078100,77049569206400,715,
576,77049583788000,77049584411000,77049584615900,715,
577,77049598788000,77049599205900,77049599367400,715,
578,77049613788000,77049614642300,77049614789900,715,
579,77049628788000,77049629146700,77049629233000,715,
580,77049643788000,77049644286800,77049644419800,715,
581,77049658788000,77049659394900,77049659538200,715,
582,77049673788000,77049674569900,77049674715600,715,
583,77049688788000,77049689411300,77049689561300,715,
584,77049703788000,77049704252300,77049704346400,715,
585,77049718788000,77049719215300,77049719401800,715,
586,77049733788000,77049734421500,77049734574500,715,
587,77049748788000,77049749191000,77049749339800,715,
588,77049763788000,77049764242600,77049764328400,715,
589,77049778788000,77049779151600,77049779309500,715,
590,77049793788000,77049794221000,77049794389100,715,
591,77049808788000,77049809200700,77049809347300,715,
592,77049823788000,77049824496800,77049824654700,715,
593,77049838788000,77049839341100,77049839435800,715,
594,77049853788000,77049854247800,77049854344900,715,
595,77049868788000,77049869128100,77049869280300,715,
596,77049883788000,77049884299900,77049884444400,715,
597,77049898788000,77049899356200,77049899477000,715,
598,77049913788000,77049914147500,77049914262900,715,
599,77049928788000,77049929368800,77049929511800,715,
600,77049943788000,77049944147600,77049944293000,715,
601,77049958788000,77049959226600,77049959372600,715,
602,77049973788000,77049974607800,77049974765900,715,
603,77049988788000,77049989194100,77049989290200,715,
604,77050003788000,77050004330600,77050004422200,715,
605,77050018788000,77050019488900,77050019626000,715,
606,77050033788000,77050034595500,77050034740900,715,
607,77050048788000,77050049626100,77050049783000,715,
608,77050063788000,77050063948700,77050064052200,715,
609,77050078788000,77050079275300,77050079460700,715,
610,77050093788000,77050094175700,77050094322900,715,
611,77050108788000,77050109815800,77050109976000,715,
612,77050123788000,77050124316700,77050124428300,715,
613,77050138788000,77050140025800,77050140146200,715,
614,77050153788000,77050154097300,77050154243800,715,
615,77050168788000,77050169380300,77050169525400,715,
616,77050183788000,77050184510700,77050184670600,715,
617,77050198788000,77050199277900,77050199405900,715,
618,77050213788000,77050214234300,77050214341400,715,
619,77050228788000,77050229328700,77050229478000,715,
620,77050243788000,77050244039900,77050244207100,715,
621,77050258788000,77050259608500,77050259753700,715,
622,77050273788000,77050274524800,77050274686200,715,
623,77050288788000,77050289234400,77050289390200,715,
624,77050303788000,77050304168100,77050304312600,715,
625,77050318788000,77050319169100,77050319317000,715,
626,77050333788000,77050333944400,77050334087500,715,
627,77050348788000,77050349116800,77050349251500,715,
628,77050363788000,77050363925000,77050364089200,715,
629,77050378788000,77050378843400,77050378929400,715,
630,77050393788000,77050393999900,77050394078000,715,
631,77050408788000,77050409262900,77050409371900,715,
632,77050423788000,77050424023600,77050424115700,715,
633,77050438788000,77050439293700,77050439449700,715,
634,77050453788000,77050454302900,77050454449300,715,
635,77050468788000,77050469300600,77050469446400,715,
636,77050483788000,77050484385100,77050484531800,715,
637,77050498788000,77050498898000,77050498990200,715,
638,77050513788000,77050514373300,77050514558200,715,
639,77050528788000,77050529221900,77050529336300,715,
640,77050543788000,77050544310600,77050544432900,715,
641,77050558788000,77050559040600,77050559190500,715,
642,77050573788000,77050573991500,77050574075900,715,
643,77050588788000,77050589145100,77050589291600,715,
644,77050603788000,77050604420800,77050604568800,715,
645,77050618788000,77050619637200,77050619794600,715,
646,77050633788000,77050633990300,77050634144500,715,
647,77050648788000,77050649349800,77050649491400,715,
648,77050663788000,77050664124400,77050664269100,715,
649,77050678788000,77050679250300,77050679373300,715,
650,77050693788000,77050694550000,77050694702600,715,
651,77050708788000,77050709647600,77050709809400,715,
652,77050723788000,77050724101200,77050724192200,715,
653,77050738788000,77050739306700,77050739448800,715,
654,77050753788000,77050754115100,77050754212600,715,
655,77050768788000,77050769712900,77050769819100,715,
656,77050783788000,77050784253900,77050784381200,715,
657,77050798788000,77050799410100,77050799546000,715,
658,77050813788000,77050814648800,77050814791600,715,
659,77050828788000,77050829648400,77050829794100,715,
660,77050843788000,77050844623500,77050844768500,715,
661,77050858788000,77050858945000,77050859038100,715,
662,77050873788000,77050874255600,77050874468200,715,
663,77050888788000,77050889659800,77050889804400,715,
664,77050903788000,77050904183700,77050904299300,715,
665,77050918788000,77050919497700,77050919647100,715,
666,77050933788000,77050934365300,77050934455200,715,
667,77050948788000,77050949061500,77050949204500,715,
